﻿<?xml version="1.0" encoding="utf-8"?>
<ArrayOfTip xmlns:xsi="http://www.w3.org/2001/XMLSchema-instance" xmlns:xsd="http://www.w3.org/2001/XMLSchema">
	<Tip Context="SDLTMAnonymizerView" Category="Plugins" Icon="SdlTmAnonymizer.ico" DescriptionImage="SdlTmAnonymizer.png" Content="Welcome.md" IsNew="true" ShowOnWelcomeWizard="false">
		<Title>Welcome to the SDLTM Anonymizer view</Title>
		<Description>The SDLTM Anonymizer view is where you anonymize data in the both server and file-based Translation Memories. Includes features to anonymize content within segments, system fields and custom fields.</Description>
		<LinkText>Learn more</LinkText>
	</Tip>
</ArrayOfTip>