﻿<Tips>
		<Tip Context="CustomViewExample_View" Category="Useful Tips Service" Content="CustomViewExample/UsefulTipsWelcome.md" IsNew="true" ShowOnWelcomeWizard="false" NewAttribute="bla"
				   DescriptionImage="CustomViewExample/Example.png" >
				<Title>Welcome to the 'Custom View Example' demo</Title>
				<Description>Where you learn about the Useful Tips service, and how to add tailer made documentation with your Trados Studio plugin.</Description>
				<LinkText>Learn more</LinkText>
		</Tip>
		<Tip Context="CustomViewExample_View" Category="Useful Tips Service"  Content="CustomViewExample/UsefulTips.md" IsNew="true" ShowOnWelcomeWizard="false">
				<Title>What are Useful Tips?</Title>
				<Description>Useful Tips have been introduced in the Trados Studio interface so that you can have centralized access to videos, tips and tricks...</Description>
				<LinkText>Learn more</LinkText>
		</Tip>
		<Tip Context="CustomViewExample_View" Category="Useful Tips Service" Content="CustomViewExample/UsefulTipsApiArticle.md" IsNew="true" ShowOnWelcomeWizard="false">
				<Title>What is the 'Useful Tips Service'</Title>
				<Description>The RwsAppStore.UsefulTips.Service is a service provider for updating the Useful Tips that are displayed in Trados Studio.</Description>
				<LinkText>Learn more</LinkText>
		</Tip>
		<Tip Context="CustomViewExample_View" Category="Useful Tips Service" Content="CustomViewExample/UsefulLinks.md" IsNew="true" ShowOnWelcomeWizard="false">
				<Title>Useful links</Title>
				<Description>Find your way around the documentation</Description>
				<LinkText>Learn more</LinkText>
		</Tip>
</Tips>