﻿<?xml version="1.0" encoding="utf-8"?>
<PluginPackage xmlns="http://www.sdl.com/Plugins/PluginPackage/1.0">
  <PlugInName>Amazon Translate MT provider</PlugInName>
  <Version>3.1.3.0</Version>
  <Description>This plugin provides machine translation from the Amazon Translate Service AWS.</Description>
  <Author>SDL Community Developers</Author>
	<Include>
		<File>RestSharp.dll</File>
		<File>AWSSDK.Core.dll</File>
		<File>AWSSDK.Translate.dll</File>
	</Include>
  <RequiredProduct name="SDLTradosStudio" minversion="16.0"/>
</PluginPackage>